USE [CovidX_DB]
GO
INSERT [dbo].[Users] ([Id], [IsActive], [Avatar], [UserName], [NormalizedUserName], [Email], [NormalizedEmail], [EmailConfirmed], [PasswordHash], [SecurityStamp], [ConcurrencyStamp], [PhoneNumber], [PhoneNumberConfirmed], [TwoFactorEnabled], [LockoutEnd], [LockoutEnabled], [AccessFailedCount]) VALUES (N'153a5791-0955-4753-8b56-ca6e352f2c4d', 1, N'female-indian.png', N'errol@gmail.com', N'ERROL@GMAIL.COM', N'errol@gmail.com', N'ERROL@GMAIL.COM', 0, N'AQAAAAEAACcQAAAAEKDDTGH9xXOl3/ubh9/OC74tZUCJuGGucmIhitTccCprCqp52xKgit7Or06hJD2Lxg==', N'BS2BF3RAIWABVAAVNCATJSPMVDUFHKNZ', N'0856d865-292d-41f0-9650-5f23320961a8', NULL, 0, 0, NULL, 1, 0)
GO
INSERT [dbo].[Users] ([Id], [IsActive], [Avatar], [UserName], [NormalizedUserName], [Email], [NormalizedEmail], [EmailConfirmed], [PasswordHash], [SecurityStamp], [ConcurrencyStamp], [PhoneNumber], [PhoneNumberConfirmed], [TwoFactorEnabled], [LockoutEnd], [LockoutEnabled], [AccessFailedCount]) VALUES (N'2f2e6869-4071-42d0-bc81-ed037c099a17', 1, N'trans-devil-mask.png', N'pulane@gmail.com', N'PULANE@GMAIL.COM', N'pulane@gmail.com', N'PULANE@GMAIL.COM', 0, N'AQAAAAEAACcQAAAAEMdW+kin5kcR8iYedgOxdVhQONMfNsIJn/EXfPtaUjx4ZbfaKsCTgFWvIE2NTBrl7w==', N'L2P6LUG7XNYMA3D4PBI42IY7QXROM2L2', N'd630cfdc-9adb-4972-bc71-8daef1ff26cf', NULL, 0, 0, NULL, 1, 0)
GO
INSERT [dbo].[Users] ([Id], [IsActive], [Avatar], [UserName], [NormalizedUserName], [Email], [NormalizedEmail], [EmailConfirmed], [PasswordHash], [SecurityStamp], [ConcurrencyStamp], [PhoneNumber], [PhoneNumberConfirmed], [TwoFactorEnabled], [LockoutEnd], [LockoutEnabled], [AccessFailedCount]) VALUES (N'3c1c35f3-25ea-48a7-8666-81e03012b81b', 1, N'avatar2.png', N'maria@gmail.com', N'MARIA@GMAIL.COM', N'maria@gmail.com', N'MARIA@GMAIL.COM', 0, N'AQAAAAEAACcQAAAAEL8CZA8F+z2C9hJq0Mgr1lNS2gd6bzBbwq5PXrFC2sQJqZAnRve9a1Hhmv5gjyM8QQ==', N'BBZOXNJ6YY2TVYIIHRDN6FHLCZTOVSF6', N'fa8c042c-16f2-45d4-ab86-5b93b86d327f', NULL, 0, 0, NULL, 1, 0)
GO
INSERT [dbo].[Users] ([Id], [IsActive], [Avatar], [UserName], [NormalizedUserName], [Email], [NormalizedEmail], [EmailConfirmed], [PasswordHash], [SecurityStamp], [ConcurrencyStamp], [PhoneNumber], [PhoneNumberConfirmed], [TwoFactorEnabled], [LockoutEnd], [LockoutEnabled], [AccessFailedCount]) VALUES (N'586aeb11-f69c-435a-a066-77a5a03ccf84', 1, N'trans-reaper.png', N'david@gmail.com', N'DAVID@GMAIL.COM', N'david@gmail.com', N'DAVID@GMAIL.COM', 0, N'AQAAAAEAACcQAAAAEOgEAl6shDzwIdsnROhzdx4rHJhENT2wwoybiNMw2Nolm4d4Re2OUZr6Y32QHiSgqA==', N'YZFVREDYLII4PD3H5XMBXUOVT2ALF6EB', N'2c31cf13-d3a0-45c5-a975-0cd4540e2a2c', NULL, 0, 0, NULL, 1, 0)
GO
INSERT [dbo].[Users] ([Id], [IsActive], [Avatar], [UserName], [NormalizedUserName], [Email], [NormalizedEmail], [EmailConfirmed], [PasswordHash], [SecurityStamp], [ConcurrencyStamp], [PhoneNumber], [PhoneNumberConfirmed], [TwoFactorEnabled], [LockoutEnd], [LockoutEnabled], [AccessFailedCount]) VALUES (N'62b19f4b-ed00-43c9-a7e4-10544e4c3cb9', 1, N'female-indian.png', N'charmaine@gmail.com', N'CHARMAINE@GMAIL.COM', N'charmaine@gmail.com', N'CHARMAINE@GMAIL.COM', 0, N'AQAAAAEAACcQAAAAEJFuLjv6lUf9b4lfRi3+6e1yDo9xDZcdqDBCPd/Nx/LxCzAzDKXDWICxonPu2udJxA==', N'HRJSU4HDJ2CC32X44IMAWBMCBLMVZTTU', N'd9558017-4659-4025-a1da-ee89cf1ad6ff', NULL, 0, 0, NULL, 1, 0)
GO
INSERT [dbo].[Users] ([Id], [IsActive], [Avatar], [UserName], [NormalizedUserName], [Email], [NormalizedEmail], [EmailConfirmed], [PasswordHash], [SecurityStamp], [ConcurrencyStamp], [PhoneNumber], [PhoneNumberConfirmed], [TwoFactorEnabled], [LockoutEnd], [LockoutEnabled], [AccessFailedCount]) VALUES (N'7c468b72-670a-4e15-ae07-a20aa7215718', 0, NULL, N'mandla@gmail.com', N'MANDLA@GMAIL.COM', N'mandla@gmail.com', N'MANDLA@GMAIL.COM', 0, N'AQAAAAEAACcQAAAAEPgIqI6DTHAMjw7ZVIw9l5srN6OXdrytK+N4/IpBJtjOJxqgZc55IRUnU4a2Puaoig==', N'MAS3HOM5BSIWRXMKKTTGBH47CBBHDVLO', N'c82694f2-71c9-49d5-b41b-24ce21f8a485', NULL, 0, 0, NULL, 1, 0)
GO
INSERT [dbo].[Users] ([Id], [IsActive], [Avatar], [UserName], [NormalizedUserName], [Email], [NormalizedEmail], [EmailConfirmed], [PasswordHash], [SecurityStamp], [ConcurrencyStamp], [PhoneNumber], [PhoneNumberConfirmed], [TwoFactorEnabled], [LockoutEnd], [LockoutEnabled], [AccessFailedCount]) VALUES (N'87f902a7-a258-41a4-abe0-fff895624838', 1, N'female-indian.png', N'alyce@gmail.com', N'ALYCE@GMAIL.COM', N'alyce@gmail.com', N'ALYCE@GMAIL.COM', 0, N'AQAAAAEAACcQAAAAEKv08Q6XZcFQGEbyjCUmWKvFdWOKfbyFsRWLqjDYkdtMduQWy0xTtvMqid80EVBWiQ==', N'7V4VM6F7LSCOT4SQUEAMFQABKUYRBULV', N'6db273e5-2158-4950-8101-d9904f7b8f7f', NULL, 0, 0, NULL, 1, 0)
GO
INSERT [dbo].[Users] ([Id], [IsActive], [Avatar], [UserName], [NormalizedUserName], [Email], [NormalizedEmail], [EmailConfirmed], [PasswordHash], [SecurityStamp], [ConcurrencyStamp], [PhoneNumber], [PhoneNumberConfirmed], [TwoFactorEnabled], [LockoutEnd], [LockoutEnabled], [AccessFailedCount]) VALUES (N'89d4c9c1-0b46-4440-bbef-591aa8e33810', 1, N'male-indian.png', N'kabelo@gmail.com', N'KABELO@GMAIL.COM', N'kabelo@gmail.com', N'KABELO@GMAIL.COM', 0, N'AQAAAAEAACcQAAAAEMyYSTyvyMVdOlS9eBfSjtIZ+1dfTZMLRhc0DHkVS4Nvy+oAhMwat+gTwreGjhAKgw==', N'J4SSLR6EIBGJGHO2AG7QYDT5DDJE27QO', N'dd79493b-877b-4b8e-8a20-70d8dbd7577a', NULL, 0, 0, NULL, 1, 0)
GO
INSERT [dbo].[Users] ([Id], [IsActive], [Avatar], [UserName], [NormalizedUserName], [Email], [NormalizedEmail], [EmailConfirmed], [PasswordHash], [SecurityStamp], [ConcurrencyStamp], [PhoneNumber], [PhoneNumberConfirmed], [TwoFactorEnabled], [LockoutEnd], [LockoutEnabled], [AccessFailedCount]) VALUES (N'993ab159-92db-4e13-9096-92d0f3e7ba72', 1, N'female-indian.png', N'felicityONP400@gmail.com', N'FELICITYONP400@GMAIL.COM', N'felicityONP400@gmail.com', N'FELICITYONP400@GMAIL.COM', 0, N'AQAAAAEAACcQAAAAEG3SmOLUGja9MFkA3Jj7VIwQOfzzlwoJ22Kff90cWwH55By78Z8tCsCWEcnV/rmVIg==', N'4XKHBEYJ4XLD7U33TUED26ZCAQUCSD6R', N'2f7a3b95-a19a-4dc8-85cf-4a49ed9efb56', NULL, 0, 0, NULL, 1, 0)
GO
INSERT [dbo].[Users] ([Id], [IsActive], [Avatar], [UserName], [NormalizedUserName], [Email], [NormalizedEmail], [EmailConfirmed], [PasswordHash], [SecurityStamp], [ConcurrencyStamp], [PhoneNumber], [PhoneNumberConfirmed], [TwoFactorEnabled], [LockoutEnd], [LockoutEnabled], [AccessFailedCount]) VALUES (N'9a6a06d9-002f-4bba-a2d3-8c88db78655f', 1, N'female-indian.png', N'karien@gmail.com', N'KARIEN@GMAIL.COM', N'karien@gmail.com', N'KARIEN@GMAIL.COM', 0, N'AQAAAAEAACcQAAAAEAXaZIdwc4sehgjVwe/gMlQMMt4SFx95MiCF+2uh5si5z2nldy6Ksx+sJ6sI728e9Q==', N'F3ZVH2LM2JHXEK47XBKEJ5TQ44EFNR57', N'2afe9484-0dc0-482b-bd35-4c1b39a96d72', NULL, 0, 0, NULL, 1, 0)
GO
INSERT [dbo].[Users] ([Id], [IsActive], [Avatar], [UserName], [NormalizedUserName], [Email], [NormalizedEmail], [EmailConfirmed], [PasswordHash], [SecurityStamp], [ConcurrencyStamp], [PhoneNumber], [PhoneNumberConfirmed], [TwoFactorEnabled], [LockoutEnd], [LockoutEnabled], [AccessFailedCount]) VALUES (N'9e1cabd8-4db3-4c4d-97bb-ce87b049dae9', 1, N'trans-devil-mask.png', N'kopano@gmail.com', N'KOPANO@GMAIL.COM', N'kopano@gmail.com', N'KOPANO@GMAIL.COM', 0, N'AQAAAAEAACcQAAAAEFGmMT1iBtpoWGKqzePT2RouLGNqyOG45P+ZMkz5S621Pw4eR9hBbggtgpcQmbz3/g==', N'KW7LZ32P26L5B5IRCGO2EJ6M3RJ6SOCN', N'405dbe79-6638-4f59-bd00-b273e5f975be', NULL, 0, 0, NULL, 1, 0)
GO
INSERT [dbo].[Users] ([Id], [IsActive], [Avatar], [UserName], [NormalizedUserName], [Email], [NormalizedEmail], [EmailConfirmed], [PasswordHash], [SecurityStamp], [ConcurrencyStamp], [PhoneNumber], [PhoneNumberConfirmed], [TwoFactorEnabled], [LockoutEnd], [LockoutEnabled], [AccessFailedCount]) VALUES (N'a911d5f1-734a-415d-93ae-19c6c74320d3', 1, N'male-nurse.png', N'marcel@gmail.com', N'MARCEL@GMAIL.COM', N'marcel@gmail.com', N'MARCEL@GMAIL.COM', 0, N'AQAAAAEAACcQAAAAEGJQ3GduElAdrtp2zV7n7nA1iDyJaZa83FeGC6zA+lrTXoDmMCPBNtFtxDnybfALFA==', N'4VLHFID2D3U54SN62KD3TTEI2QGTTO26', N'4f376eb9-e8a7-4ee2-94f2-184d52012e08', NULL, 0, 0, NULL, 1, 0)
GO
INSERT [dbo].[Users] ([Id], [IsActive], [Avatar], [UserName], [NormalizedUserName], [Email], [NormalizedEmail], [EmailConfirmed], [PasswordHash], [SecurityStamp], [ConcurrencyStamp], [PhoneNumber], [PhoneNumberConfirmed], [TwoFactorEnabled], [LockoutEnd], [LockoutEnabled], [AccessFailedCount]) VALUES (N'b4781a1d-7286-4d10-981c-bb54e987d4b0', 1, N'female-nurse.png', N'dorothy@gmail.com', N'DOROTHY@GMAIL.COM', N'dorothy@gmail.com', N'DOROTHY@GMAIL.COM', 0, N'AQAAAAEAACcQAAAAEMMXk55qQCLzM2rutY0BT+Xpr/OFdaZnSOi/3BcP5oZpUHMEHOG7XS1zQ4l+wf7etw==', N'37WA3VKGMO4PZ6VSMBSVPJGQEV4RSFYP', N'ffea8389-9859-4c37-807c-73becc8e9bb7', NULL, 0, 0, NULL, 1, 0)
GO
INSERT [dbo].[Users] ([Id], [IsActive], [Avatar], [UserName], [NormalizedUserName], [Email], [NormalizedEmail], [EmailConfirmed], [PasswordHash], [SecurityStamp], [ConcurrencyStamp], [PhoneNumber], [PhoneNumberConfirmed], [TwoFactorEnabled], [LockoutEnd], [LockoutEnabled], [AccessFailedCount]) VALUES (N'c6370b10-526e-4d63-8648-8bb17b3613bd', 1, N'female-nurse.png', N'lindile@gmail.com', N'LINDILE@GMAIL.COM', N'lindile@gmail.com', N'LINDILE@GMAIL.COM', 0, N'AQAAAAEAACcQAAAAEJU1YugIMn6to2HD7Wuh12j5OO/zZYnSvlvHoV6y14mwR8zp3nnp/5Dmd74SGCf0aA==', N'SKUY7PTODMHHRN6PUMYFUJJ3GR3VSA4D', N'78579966-0172-4def-a1e2-f0e81eed2b3b', NULL, 0, 0, NULL, 1, 0)
GO
INSERT [dbo].[Users] ([Id], [IsActive], [Avatar], [UserName], [NormalizedUserName], [Email], [NormalizedEmail], [EmailConfirmed], [PasswordHash], [SecurityStamp], [ConcurrencyStamp], [PhoneNumber], [PhoneNumberConfirmed], [TwoFactorEnabled], [LockoutEnd], [LockoutEnabled], [AccessFailedCount]) VALUES (N'ca99bbf8-a011-4d23-87af-86659e6c75c2', 1, N'male-indian.png', N'carlos@gmail.com', N'CARLOS@GMAIL.COM', N'carlos@gmail.com', N'CARLOS@GMAIL.COM', 0, N'AQAAAAEAACcQAAAAEG38rG9NNcGvLaMgx6VkMWZkpntMwLnVv708y6vq5y07Gvo6xvSHrm8ANPkMQcGtOg==', N'Q6FSALTFL5B3HNFBDPICQRLZJTQ7GFWC', N'79b859f4-e201-4364-af07-38285e29892b', NULL, 0, 0, NULL, 1, 0)
GO
INSERT [dbo].[Users] ([Id], [IsActive], [Avatar], [UserName], [NormalizedUserName], [Email], [NormalizedEmail], [EmailConfirmed], [PasswordHash], [SecurityStamp], [ConcurrencyStamp], [PhoneNumber], [PhoneNumberConfirmed], [TwoFactorEnabled], [LockoutEnd], [LockoutEnabled], [AccessFailedCount]) VALUES (N'd1b8b348-0630-40ae-ba96-0327d46f3ef3', 1, N'female-indian.png', N'asha@gmail.com', N'ASHA@GMAIL.COM', N'asha@gmail.com', N'ASHA@GMAIL.COM', 0, N'AQAAAAEAACcQAAAAEE9QZ0OHY4xL9VJ457/jCpet+oiBsalypnWnta4GVZ99ItV4+XBu8XB+IkmGIcYX4g==', N'XEU7HZDRDZ35NMURR6GJL47LSCCJIZVK', N'ca9eb357-f613-4843-a738-c789cc73ca67', NULL, 0, 0, NULL, 1, 0)
GO
INSERT [dbo].[Users] ([Id], [IsActive], [Avatar], [UserName], [NormalizedUserName], [Email], [NormalizedEmail], [EmailConfirmed], [PasswordHash], [SecurityStamp], [ConcurrencyStamp], [PhoneNumber], [PhoneNumberConfirmed], [TwoFactorEnabled], [LockoutEnd], [LockoutEnabled], [AccessFailedCount]) VALUES (N'f3241b84-940c-45fa-8a71-dda57cefe4a6', 1, N'male-indian.png', N'jacob@gmail.com', N'JACOB@GMAIL.COM', N'jacob@gmail.com', N'JACOB@GMAIL.COM', 0, N'AQAAAAEAACcQAAAAEE0M2puwdj5o5cU5ROgDTDGUraQ+WHLXmyKGpJ6fBSDDSF1at6/FP/TiGBjO0OSJ0A==', N'OUVWDQOMXGN4HBON4YTRFWANT3K47KI4', N'def8a007-e37e-4f83-b54c-ac940e8778c9', NULL, 0, 0, NULL, 1, 0)
GO
SET IDENTITY_INSERT [dbo].[Nurse] ON 
GO
INSERT [dbo].[Nurse] ([NurseID], [IDnumber], [FirstName], [LastName], [MobileNumber], [EmailAddress], [AddressLine1], [AddressLine2], [SuburbID], [YearsQualified], [Rank], [UserID], [Gender]) VALUES (1, N'7503180225083', N'Dorothy', N'Daniels', N'0512458796', N'dorothy@gmail.com', N'10th Avenue', NULL, 126, CAST(N'2001-03-09T00:00:00.0000000' AS DateTime2), 2, N'b4781a1d-7286-4d10-981c-bb54e987d4b0', 0)
GO
INSERT [dbo].[Nurse] ([NurseID], [IDnumber], [FirstName], [LastName], [MobileNumber], [EmailAddress], [AddressLine1], [AddressLine2], [SuburbID], [YearsQualified], [Rank], [UserID], [Gender]) VALUES (9, N'7603180225083', N'Lindile', N'Hadebe', N'0522458796', N'lindile@gmail.com', N'64 Barbert street', NULL, 73, CAST(N'2002-01-05T00:00:00.0000000' AS DateTime2), 3, N'c6370b10-526e-4d63-8648-8bb17b3613bd', 0)
GO
INSERT [dbo].[Nurse] ([NurseID], [IDnumber], [FirstName], [LastName], [MobileNumber], [EmailAddress], [AddressLine1], [AddressLine2], [SuburbID], [YearsQualified], [Rank], [UserID], [Gender]) VALUES (15, N'7703180225083', N'Marcel', N'Van Niekerk', N'0532458796', N'marcel@gmail.com', N'13 Gutch Road', NULL, 43, CAST(N'2004-01-25T00:00:00.0000000' AS DateTime2), 0, N'a911d5f1-734a-415d-93ae-19c6c74320d3', 1)
GO
SET IDENTITY_INSERT [dbo].[Nurse] OFF
GO
INSERT [dbo].[UserRoles] ([UserId], [RoleId]) VALUES (N'153a5791-0955-4753-8b56-ca6e352f2c4d', N'885d48ec-86a2-46dc-a317-e9803a9371f3')
GO
INSERT [dbo].[UserRoles] ([UserId], [RoleId]) VALUES (N'2f2e6869-4071-42d0-bc81-ed037c099a17', N'885d48ec-86a2-46dc-a317-e9803a9371f3')
GO
INSERT [dbo].[UserRoles] ([UserId], [RoleId]) VALUES (N'3c1c35f3-25ea-48a7-8666-81e03012b81b', N'1438bcdc-85b2-4a1e-9c3c-11389d209774')
GO
INSERT [dbo].[UserRoles] ([UserId], [RoleId]) VALUES (N'586aeb11-f69c-435a-a066-77a5a03ccf84', N'885d48ec-86a2-46dc-a317-e9803a9371f3')
GO
INSERT [dbo].[UserRoles] ([UserId], [RoleId]) VALUES (N'62b19f4b-ed00-43c9-a7e4-10544e4c3cb9', N'885d48ec-86a2-46dc-a317-e9803a9371f3')
GO
INSERT [dbo].[UserRoles] ([UserId], [RoleId]) VALUES (N'7c468b72-670a-4e15-ae07-a20aa7215718', N'0d56df7a-95c8-4c56-a021-8113c1331796')
GO
INSERT [dbo].[UserRoles] ([UserId], [RoleId]) VALUES (N'87f902a7-a258-41a4-abe0-fff895624838', N'885d48ec-86a2-46dc-a317-e9803a9371f3')
GO
INSERT [dbo].[UserRoles] ([UserId], [RoleId]) VALUES (N'89d4c9c1-0b46-4440-bbef-591aa8e33810', N'885d48ec-86a2-46dc-a317-e9803a9371f3')
GO
INSERT [dbo].[UserRoles] ([UserId], [RoleId]) VALUES (N'993ab159-92db-4e13-9096-92d0f3e7ba72', N'885d48ec-86a2-46dc-a317-e9803a9371f3')
GO
INSERT [dbo].[UserRoles] ([UserId], [RoleId]) VALUES (N'9a6a06d9-002f-4bba-a2d3-8c88db78655f', N'885d48ec-86a2-46dc-a317-e9803a9371f3')
GO
INSERT [dbo].[UserRoles] ([UserId], [RoleId]) VALUES (N'9e1cabd8-4db3-4c4d-97bb-ce87b049dae9', N'885d48ec-86a2-46dc-a317-e9803a9371f3')
GO
INSERT [dbo].[UserRoles] ([UserId], [RoleId]) VALUES (N'a911d5f1-734a-415d-93ae-19c6c74320d3', N'898f4538-959d-40c0-84b0-3e441c493466')
GO
INSERT [dbo].[UserRoles] ([UserId], [RoleId]) VALUES (N'b4781a1d-7286-4d10-981c-bb54e987d4b0', N'898f4538-959d-40c0-84b0-3e441c493466')
GO
INSERT [dbo].[UserRoles] ([UserId], [RoleId]) VALUES (N'c6370b10-526e-4d63-8648-8bb17b3613bd', N'898f4538-959d-40c0-84b0-3e441c493466')
GO
INSERT [dbo].[UserRoles] ([UserId], [RoleId]) VALUES (N'ca99bbf8-a011-4d23-87af-86659e6c75c2', N'885d48ec-86a2-46dc-a317-e9803a9371f3')
GO
INSERT [dbo].[UserRoles] ([UserId], [RoleId]) VALUES (N'd1b8b348-0630-40ae-ba96-0327d46f3ef3', N'885d48ec-86a2-46dc-a317-e9803a9371f3')
GO
INSERT [dbo].[UserRoles] ([UserId], [RoleId]) VALUES (N'f3241b84-940c-45fa-8a71-dda57cefe4a6', N'885d48ec-86a2-46dc-a317-e9803a9371f3')
GO
SET IDENTITY_INSERT [dbo].[Patient] ON 
GO
INSERT [dbo].[Patient] ([PatientID], [FirstName], [LastName], [IDnumber], [MobileNumber], [AddressLine1], [AddressLine2], [SuburbID], [MedicalAidStatus], [MedicalAidPlanID], [MedicalAidNo], [DependencyCode], [DateOfBirth], [PersonResponsible], [Gender], [UserID], [EmailAddress]) VALUES (1, N'Charmaine', N'Meintjies', N'5503180225083', N'0832458796', N'19 Admirality Way', NULL, 126, 1, 8, N'285465885', N'00', CAST(N'1955-03-18T00:00:00.0000000' AS DateTime2), N'Charmaine Meintjies', 0, N'62b19f4b-ed00-43c9-a7e4-10544e4c3cb9', N'charmaine@gmail.com')
GO
INSERT [dbo].[Patient] ([PatientID], [FirstName], [LastName], [IDnumber], [MobileNumber], [AddressLine1], [AddressLine2], [SuburbID], [MedicalAidStatus], [MedicalAidPlanID], [MedicalAidNo], [DependencyCode], [DateOfBirth], [PersonResponsible], [Gender], [UserID], [EmailAddress]) VALUES (2, N'Jacob', N'Moloi', N'8012010225083', N'0822458796', N'24 7th Avenue', NULL, 127, 0, NULL, NULL, NULL, CAST(N'1980-12-01T00:00:00.0000000' AS DateTime2), N'Jacob Moloi', 1, N'f3241b84-940c-45fa-8a71-dda57cefe4a6', N'jacob@gmail.com')
GO
INSERT [dbo].[Patient] ([PatientID], [FirstName], [LastName], [IDnumber], [MobileNumber], [AddressLine1], [AddressLine2], [SuburbID], [MedicalAidStatus], [MedicalAidPlanID], [MedicalAidNo], [DependencyCode], [DateOfBirth], [PersonResponsible], [Gender], [UserID], [EmailAddress]) VALUES (3, N'David', N'Greeff', N'8002200225083', N'0712458796', N'1 Harbor Cottages', N'Sayre Crescent', 56, 0, NULL, NULL, NULL, CAST(N'1980-02-20T00:00:00.0000000' AS DateTime2), N'David Greeff', 1, N'586aeb11-f69c-435a-a066-77a5a03ccf84', N'david@gmail.com')
GO
INSERT [dbo].[Patient] ([PatientID], [FirstName], [LastName], [IDnumber], [MobileNumber], [AddressLine1], [AddressLine2], [SuburbID], [MedicalAidStatus], [MedicalAidPlanID], [MedicalAidNo], [DependencyCode], [DateOfBirth], [PersonResponsible], [Gender], [UserID], [EmailAddress]) VALUES (4, N'Kopano', N'Sithole', N'7606030225083', N'0722458796', N'27 Aspen Complex', N'La Roche Drive', 57, 0, NULL, NULL, NULL, CAST(N'1976-06-03T00:00:00.0000000' AS DateTime2), N'Kopano Sithole', 1, N'9e1cabd8-4db3-4c4d-97bb-ce87b049dae9', N'kopano@gmail.com')
GO
INSERT [dbo].[Patient] ([PatientID], [FirstName], [LastName], [IDnumber], [MobileNumber], [AddressLine1], [AddressLine2], [SuburbID], [MedicalAidStatus], [MedicalAidPlanID], [MedicalAidNo], [DependencyCode], [DateOfBirth], [PersonResponsible], [Gender], [UserID], [EmailAddress]) VALUES (5, N'Karien', N'Momberg', N'8509020225083', N'0732458796', N'6 Rubin Crescent', NULL, 126, 0, NULL, NULL, NULL, CAST(N'1985-09-02T00:00:00.0000000' AS DateTime2), N'Karien Momberg', 0, N'9a6a06d9-002f-4bba-a2d3-8c88db78655f', N'karien@gmail.com')
GO
INSERT [dbo].[Patient] ([PatientID], [FirstName], [LastName], [IDnumber], [MobileNumber], [AddressLine1], [AddressLine2], [SuburbID], [MedicalAidStatus], [MedicalAidPlanID], [MedicalAidNo], [DependencyCode], [DateOfBirth], [PersonResponsible], [Gender], [UserID], [EmailAddress]) VALUES (6, N'Felicity', N'Daniels', N'7512020225083', N'0612458796', N'28th 7th Avenue', NULL, 127, 0, NULL, NULL, NULL, CAST(N'1975-12-02T00:00:00.0000000' AS DateTime2), N'Felicity Daniels', 0, N'993ab159-92db-4e13-9096-92d0f3e7ba72', N'felicityONP400@gmail.com')
GO
INSERT [dbo].[Patient] ([PatientID], [FirstName], [LastName], [IDnumber], [MobileNumber], [AddressLine1], [AddressLine2], [SuburbID], [MedicalAidStatus], [MedicalAidPlanID], [MedicalAidNo], [DependencyCode], [DateOfBirth], [PersonResponsible], [Gender], [UserID], [EmailAddress]) VALUES (7, N'Errol', N'Pieterse', N'6008090225083', N'0612458796', N'37 The Beaches', N'Beach Road', 56, 0, NULL, NULL, NULL, CAST(N'1960-08-09T00:00:00.0000000' AS DateTime2), N'Errol Pieterse', 0, N'153a5791-0955-4753-8b56-ca6e352f2c4d', N'errol@gmail.com')
GO
INSERT [dbo].[Patient] ([PatientID], [FirstName], [LastName], [IDnumber], [MobileNumber], [AddressLine1], [AddressLine2], [SuburbID], [MedicalAidStatus], [MedicalAidPlanID], [MedicalAidNo], [DependencyCode], [DateOfBirth], [PersonResponsible], [Gender], [UserID], [EmailAddress]) VALUES (8, N'Alyce', N'Morapedi', N'6412120225083', N'0632458796', N'12 Marshall Road', NULL, 57, 1, 17, N'395465885', N'00', CAST(N'1964-12-12T00:00:00.0000000' AS DateTime2), N'Alyce Morapedi', 0, N'87f902a7-a258-41a4-abe0-fff895624838', N'alyce@gmail.com')
GO
INSERT [dbo].[Patient] ([PatientID], [FirstName], [LastName], [IDnumber], [MobileNumber], [AddressLine1], [AddressLine2], [SuburbID], [MedicalAidStatus], [MedicalAidPlanID], [MedicalAidNo], [DependencyCode], [DateOfBirth], [PersonResponsible], [Gender], [UserID], [EmailAddress]) VALUES (9, N'Asha', N'Sharma', N'8302090225083', N'0812458796', N'13 Congo Avenue', NULL, 84, 1, 44, N'175465885', N'00', CAST(N'1983-02-09T00:00:00.0000000' AS DateTime2), N'Asha Sharma', 0, N'd1b8b348-0630-40ae-ba96-0327d46f3ef3', N'asha@gmail.com')
GO
INSERT [dbo].[Patient] ([PatientID], [FirstName], [LastName], [IDnumber], [MobileNumber], [AddressLine1], [AddressLine2], [SuburbID], [MedicalAidStatus], [MedicalAidPlanID], [MedicalAidNo], [DependencyCode], [DateOfBirth], [PersonResponsible], [Gender], [UserID], [EmailAddress]) VALUES (10, N'Carlos', N'Perestrelo', N'5008100225083', N'0842458796', N'29 Peace Street', NULL, 84, 0, NULL, NULL, NULL, CAST(N'1950-08-10T00:00:00.0000000' AS DateTime2), N'Carlos Perestrelo', 1, N'ca99bbf8-a011-4d23-87af-86659e6c75c2', N'carlos@gmail.com')
GO
INSERT [dbo].[Patient] ([PatientID], [FirstName], [LastName], [IDnumber], [MobileNumber], [AddressLine1], [AddressLine2], [SuburbID], [MedicalAidStatus], [MedicalAidPlanID], [MedicalAidNo], [DependencyCode], [DateOfBirth], [PersonResponsible], [Gender], [UserID], [EmailAddress]) VALUES (11, N'Kabelo', N'Padi', N'7112150225083', N'0742458796', N'7 Jacks Road', NULL, 84, 0, NULL, NULL, NULL, CAST(N'1971-12-15T00:00:00.0000000' AS DateTime2), N'Kabelo Padi', 1, N'89d4c9c1-0b46-4440-bbef-591aa8e33810', N'kabelo@gmail.com')
GO
INSERT [dbo].[Patient] ([PatientID], [FirstName], [LastName], [IDnumber], [MobileNumber], [AddressLine1], [AddressLine2], [SuburbID], [MedicalAidStatus], [MedicalAidPlanID], [MedicalAidNo], [DependencyCode], [DateOfBirth], [PersonResponsible], [Gender], [UserID], [EmailAddress]) VALUES (12, N'Pulane', N'Masemola', N'9110120225083', N'0642458796', N'45 Columbia Crescent ', NULL, 84, 1, 1, N'465465885', N'00', CAST(N'1991-10-12T00:00:00.0000000' AS DateTime2), N'Pulane Masemola', 1, N'2f2e6869-4071-42d0-bc81-ed037c099a17', N'pulane@gmail.com')
GO
SET IDENTITY_INSERT [dbo].[Patient] OFF
GO
INSERT [dbo].[Roles] ([Id], [Name], [NormalizedName], [ConcurrencyStamp]) VALUES (N'0d56df7a-95c8-4c56-a021-8113c1331796', N'LabUser', N'LABUSER', N'06bbc68a-1250-4ef1-8f71-c1196976740a')
GO
INSERT [dbo].[Roles] ([Id], [Name], [NormalizedName], [ConcurrencyStamp]) VALUES (N'1438bcdc-85b2-4a1e-9c3c-11389d209774', N'Administrator', N'ADMINISTRATOR', N'da68b9c2-b84a-47c9-a098-46e945652ed6')
GO
INSERT [dbo].[Roles] ([Id], [Name], [NormalizedName], [ConcurrencyStamp]) VALUES (N'885d48ec-86a2-46dc-a317-e9803a9371f3', N'Patient', N'PATIENT', N'0693f188-f1b5-450e-ac5f-f5abce0de462')
GO
INSERT [dbo].[Roles] ([Id], [Name], [NormalizedName], [ConcurrencyStamp]) VALUES (N'898f4538-959d-40c0-84b0-3e441c493466', N'Nurse', N'NURSE', N'177ea81c-2558-4966-af57-31fefb0c5b34')
GO
