USE [CovidX_DB]
GO
INSERT [dbo].[Users] ([Id], [IsActive], [Avatar], [UserName], [NormalizedUserName], [Email], [NormalizedEmail], [EmailConfirmed], [PasswordHash], [SecurityStamp], [ConcurrencyStamp], [PhoneNumber], [PhoneNumberConfirmed], [TwoFactorEnabled], [LockoutEnd], [LockoutEnabled], [AccessFailedCount]) VALUES (N'39d58d32-9b5c-4429-9aec-4313f7f17ef7', 0, NULL, N'test.NewpATIENT.@yahoo.com', N'TEST.NEWPATIENT.@YAHOO.COM', N'test.NewpATIENT.@yahoo.com', N'TEST.NEWPATIENT.@YAHOO.COM', 0, N'AQAAAAEAACcQAAAAEELDftNSGwxG9S1DNc9s2ItsJocLEONwwu1JHM+9g9zqfxhpwwxCJktPVbenpB6M7Q==', N'EIBALEPIG5GL6MBVWCZN4APEMM5OI3CO', N'f5eae003-b41b-42c7-8cef-f82b2a4e18a8', NULL, 0, 0, NULL, 1, 0)
GO
INSERT [dbo].[Users] ([Id], [IsActive], [Avatar], [UserName], [NormalizedUserName], [Email], [NormalizedEmail], [EmailConfirmed], [PasswordHash], [SecurityStamp], [ConcurrencyStamp], [PhoneNumber], [PhoneNumberConfirmed], [TwoFactorEnabled], [LockoutEnd], [LockoutEnabled], [AccessFailedCount]) VALUES (N'4cce35f8-bf44-4789-a177-42369a2e8c90', 0, NULL, N'newNurse2@gmail.com', N'NEWNURSE2@GMAIL.COM', N'newNurse2@gmail.com', N'NEWNURSE2@GMAIL.COM', 0, N'AQAAAAEAACcQAAAAEL7ceFb3JmU7JUmV+dSSs0t1AmJ6jq4GxhdwqhqnZtha6lAQ8KSGEWFHA6y70bJtXA==', N'36LX2ROVDU5BCBCO53I2SSSOOWJTU6KQ', N'f8f54962-fead-43b1-ba44-e7c732bde27f', NULL, 0, 0, NULL, 1, 0)
GO
INSERT [dbo].[Users] ([Id], [IsActive], [Avatar], [UserName], [NormalizedUserName], [Email], [NormalizedEmail], [EmailConfirmed], [PasswordHash], [SecurityStamp], [ConcurrencyStamp], [PhoneNumber], [PhoneNumberConfirmed], [TwoFactorEnabled], [LockoutEnd], [LockoutEnabled], [AccessFailedCount]) VALUES (N'58401386-7d7a-41e2-9a83-8bfe9e573b57', 0, NULL, N'imNewPatientAgain@yahoo.com', N'IMNEWPATIENTAGAIN@YAHOO.COM', N'imNewPatientAgain@yahoo.com', N'IMNEWPATIENTAGAIN@YAHOO.COM', 0, N'AQAAAAEAACcQAAAAEJA0AsPB1WwD1omnj4V5yFaliNaUEQgMsPrhHrTRwwL9EfHG3fnsgbZ6saKq1cy94g==', N'T2NNN6DYTWUURKFS73Y3MY27PKMYAQTA', N'd96759f4-3acd-47de-860c-1fb37a3ae998', NULL, 0, 0, NULL, 1, 0)
GO
INSERT [dbo].[Users] ([Id], [IsActive], [Avatar], [UserName], [NormalizedUserName], [Email], [NormalizedEmail], [EmailConfirmed], [PasswordHash], [SecurityStamp], [ConcurrencyStamp], [PhoneNumber], [PhoneNumberConfirmed], [TwoFactorEnabled], [LockoutEnd], [LockoutEnabled], [AccessFailedCount]) VALUES (N'60c3bfbf-1f7f-4ab4-a306-3e5259df34bc', 0, NULL, N'test.patient@gmail.com', N'TEST.PATIENT@GMAIL.COM', N'test.patient@gmail.com', N'TEST.PATIENT@GMAIL.COM', 0, N'AQAAAAEAACcQAAAAEKDyNY/qKOIFABPBHEPC5EAdKTIKU8ELxnNdyelPKf9BDWByQ0uUxOGIAQIbj/aK1Q==', N'CIYL24DFFZDTI5EILIBNUYYCBGXNGZ4P', N'30cc0d7a-307f-461f-87a7-01937d1f3dd8', NULL, 0, 0, NULL, 1, 0)
GO
INSERT [dbo].[Users] ([Id], [IsActive], [Avatar], [UserName], [NormalizedUserName], [Email], [NormalizedEmail], [EmailConfirmed], [PasswordHash], [SecurityStamp], [ConcurrencyStamp], [PhoneNumber], [PhoneNumberConfirmed], [TwoFactorEnabled], [LockoutEnd], [LockoutEnabled], [AccessFailedCount]) VALUES (N'63a9666b-5199-44e9-80c7-4a6e5824e700', 1, N'male-nurse.png', N'newNurse@yahoo.com', N'NEWNURSE@YAHOO.COM', N'newNurse@yahoo.com', N'NEWNURSE@YAHOO.COM', 0, N'AQAAAAEAACcQAAAAEHNwz9J9HbxLwg9ywOW0WWFZjJMhGhKbqaaDF3PFZ1xinSvnmmYbYrZx4xIHi+Uofg==', N'RUQ4L7ZDNE5PWBMK2ULUDE44HBPJNKSB', N'c7be4b86-d9f1-4b6b-8389-9f8d6b3d44ae', NULL, 0, 0, NULL, 1, 0)
GO
INSERT [dbo].[Users] ([Id], [IsActive], [Avatar], [UserName], [NormalizedUserName], [Email], [NormalizedEmail], [EmailConfirmed], [PasswordHash], [SecurityStamp], [ConcurrencyStamp], [PhoneNumber], [PhoneNumberConfirmed], [TwoFactorEnabled], [LockoutEnd], [LockoutEnabled], [AccessFailedCount]) VALUES (N'665adefb-93c2-48ac-9c35-89817b177b55', 0, NULL, N'imAlsoNewNurse@yahoo.com', N'IMALSONEWNURSE@YAHOO.COM', N'imAlsoNewNurse@yahoo.com', N'IMALSONEWNURSE@YAHOO.COM', 0, N'AQAAAAEAACcQAAAAEGsvoAusObvQTMks9slOXK4gnSfFaSAMSk33bic+mDvrqPVoLuYD+KiuRsU6AalN5A==', N'3KIVBY2I2VXMR2IALPHZEQUI3STPPABA', N'82c2a094-e4a0-465a-b626-a545d712b06f', NULL, 0, 0, NULL, 1, 0)
GO
INSERT [dbo].[Users] ([Id], [IsActive], [Avatar], [UserName], [NormalizedUserName], [Email], [NormalizedEmail], [EmailConfirmed], [PasswordHash], [SecurityStamp], [ConcurrencyStamp], [PhoneNumber], [PhoneNumberConfirmed], [TwoFactorEnabled], [LockoutEnd], [LockoutEnabled], [AccessFailedCount]) VALUES (N'7f5b335a-768e-4fce-8c66-d922706d7a41', 0, NULL, N'test.Nurse@yahoo.com', N'TEST.NURSE@YAHOO.COM', N'test.Nurse@yahoo.com', N'TEST.NURSE@YAHOO.COM', 0, N'AQAAAAEAACcQAAAAEBdccvXjxCyTdybCRMbpF107OI9hFJhfElglFjFnHXOp4hbm4IJwxo36c7xbldmtjA==', N'DOSCVCTER36SEY6ACAF3SLNIHWHPGRB7', N'c54d0dab-3a2b-48c2-8f32-dd51bd01b54a', NULL, 0, 0, NULL, 1, 0)
GO
INSERT [dbo].[Users] ([Id], [IsActive], [Avatar], [UserName], [NormalizedUserName], [Email], [NormalizedEmail], [EmailConfirmed], [PasswordHash], [SecurityStamp], [ConcurrencyStamp], [PhoneNumber], [PhoneNumberConfirmed], [TwoFactorEnabled], [LockoutEnd], [LockoutEnabled], [AccessFailedCount]) VALUES (N'828f2e51-a9eb-444c-9bd3-51188504c4d6', 0, NULL, N'patient.new@gmail.com', N'PATIENT.NEW@GMAIL.COM', N'patient.new@gmail.com', N'PATIENT.NEW@GMAIL.COM', 0, N'AQAAAAEAACcQAAAAEPoSnQsM3ECJpewrrHkl6u5oeHeMf4lcaCU9DSCUGGHLch77qceDKkpaH+26C6HdQA==', N'A2Y65KRQUVFRQVUM3BRHYOZP2ZK6OWM5', N'e2f61e51-8c88-491c-9193-9dad0b4cd143', NULL, 0, 0, NULL, 1, 0)
GO
INSERT [dbo].[Users] ([Id], [IsActive], [Avatar], [UserName], [NormalizedUserName], [Email], [NormalizedEmail], [EmailConfirmed], [PasswordHash], [SecurityStamp], [ConcurrencyStamp], [PhoneNumber], [PhoneNumberConfirmed], [TwoFactorEnabled], [LockoutEnd], [LockoutEnabled], [AccessFailedCount]) VALUES (N'8defc1d6-262f-4538-8924-db7e904582cf', 0, NULL, N'Admin.New@gmail.com', N'ADMIN.NEW@GMAIL.COM', N'Admin.New@gmail.com', N'ADMIN.NEW@GMAIL.COM', 0, N'AQAAAAEAACcQAAAAED1VLW/M49YQVeA90p9q9/phhXJr8ueCmAcESjOoOC+NCAVObvbnRZdUUnY5jcchmQ==', N'LUZLZPI57JGIMWD2LNYQH2EAGGU2KEE4', N'15c9e9c2-58ff-4b57-9081-3605ddeab400', NULL, 0, 0, NULL, 1, 0)
GO
INSERT [dbo].[Users] ([Id], [IsActive], [Avatar], [UserName], [NormalizedUserName], [Email], [NormalizedEmail], [EmailConfirmed], [PasswordHash], [SecurityStamp], [ConcurrencyStamp], [PhoneNumber], [PhoneNumberConfirmed], [TwoFactorEnabled], [LockoutEnd], [LockoutEnabled], [AccessFailedCount]) VALUES (N'92ac5586-f980-4750-8895-c32dfad5a679', 0, NULL, N'imNewPatient@yahoo.com', N'IMNEWPATIENT@YAHOO.COM', N'imNewPatient@yahoo.com', N'IMNEWPATIENT@YAHOO.COM', 0, N'AQAAAAEAACcQAAAAEJ2Ty5ThWPE9A9HBXcPGXs07XeANnPnjleKCXsa7M77bqm1mXCXztIAUMzoSyAYETA==', N'RM632I5HTKO5XJ3EPH7NYALDDMII4FUI', N'3fa55ae2-bab1-4512-bb89-57ed99ad1e73', NULL, 0, 0, NULL, 1, 0)
GO
INSERT [dbo].[Users] ([Id], [IsActive], [Avatar], [UserName], [NormalizedUserName], [Email], [NormalizedEmail], [EmailConfirmed], [PasswordHash], [SecurityStamp], [ConcurrencyStamp], [PhoneNumber], [PhoneNumberConfirmed], [TwoFactorEnabled], [LockoutEnd], [LockoutEnabled], [AccessFailedCount]) VALUES (N'966164a2-2b11-47ad-a793-e413ad7f2738', 1, NULL, N'test.check@yahoo.com', N'TEST.CHECK@YAHOO.COM', N'test.check@yahoo.com', N'TEST.CHECK@YAHOO.COM', 0, N'AQAAAAEAACcQAAAAEBY2ZG6kxcgoDnAkxHwxyxD53Eb1vFUD9IkymHfElyJZk2cy+QEeizNqYcw11soZ6w==', N'EJZCLPVAPSKPTESY67FQWSS5ZDJITKVB', N'c5593a21-edd3-40cf-bba4-3ff1e0e1e407', NULL, 0, 0, NULL, 1, 0)
GO
INSERT [dbo].[Users] ([Id], [IsActive], [Avatar], [UserName], [NormalizedUserName], [Email], [NormalizedEmail], [EmailConfirmed], [PasswordHash], [SecurityStamp], [ConcurrencyStamp], [PhoneNumber], [PhoneNumberConfirmed], [TwoFactorEnabled], [LockoutEnd], [LockoutEnabled], [AccessFailedCount]) VALUES (N'99e0e2bf-5d20-4b74-9634-c34be8ed1119', 0, NULL, N'imNewNurse@yahoo.com', N'IMNEWNURSE@YAHOO.COM', N'imNewNurse@yahoo.com', N'IMNEWNURSE@YAHOO.COM', 0, N'AQAAAAEAACcQAAAAEBSc4Bu+V942ifCmQJ8yat6FM46GOjR7NwKS9RiSr9vFuITlxvlkqC/5n+zXKifPvA==', N'AKL6GJGYFN53DWJ7IFUEYSGHRDUGHKHP', N'df63576a-3243-480f-aea7-f0e1d17d0ca6', NULL, 0, 0, NULL, 1, 0)
GO
INSERT [dbo].[Users] ([Id], [IsActive], [Avatar], [UserName], [NormalizedUserName], [Email], [NormalizedEmail], [EmailConfirmed], [PasswordHash], [SecurityStamp], [ConcurrencyStamp], [PhoneNumber], [PhoneNumberConfirmed], [TwoFactorEnabled], [LockoutEnd], [LockoutEnabled], [AccessFailedCount]) VALUES (N'ad62fbbc-035b-47e4-9c2f-1c50aac41ad8', 0, NULL, N'check.nurse@gmail.com', N'CHECK.NURSE@GMAIL.COM', N'check.nurse@gmail.com', N'CHECK.NURSE@GMAIL.COM', 0, N'AQAAAAEAACcQAAAAEGgjWjTrSwH0soo55KTt0BmRY3vj2nFMxTcI9mFCNzGVArl44UgpocnF/3aT8Lev2A==', N'VJR6F7KBLTY5TEUT5J5UWBU2E2KQ6PSF', N'2fd3cfdc-f398-4fb0-bb10-f0b777210b82', NULL, 0, 0, NULL, 1, 0)
GO
INSERT [dbo].[Users] ([Id], [IsActive], [Avatar], [UserName], [NormalizedUserName], [Email], [NormalizedEmail], [EmailConfirmed], [PasswordHash], [SecurityStamp], [ConcurrencyStamp], [PhoneNumber], [PhoneNumberConfirmed], [TwoFactorEnabled], [LockoutEnd], [LockoutEnabled], [AccessFailedCount]) VALUES (N'b00e1346-1a38-4323-a1af-3adc373546fe', 0, NULL, N'imNewbroNurse@gmail.com', N'IMNEWBRONURSE@GMAIL.COM', N'imNewbroNurse@gmail.com', N'IMNEWBRONURSE@GMAIL.COM', 0, N'AQAAAAEAACcQAAAAELx8T80drbizphtYHEv6EDH35uv1ySQgDvS7iU7PisZ3VYl2UiHhp/VI2dk9nAztpA==', N'YJUM4YTBKTLRHTZ3S74IM66OF53SZQXS', N'a00bdffb-6ae6-40cd-857a-19df83c1b215', NULL, 0, 0, NULL, 1, 0)
GO
INSERT [dbo].[Users] ([Id], [IsActive], [Avatar], [UserName], [NormalizedUserName], [Email], [NormalizedEmail], [EmailConfirmed], [PasswordHash], [SecurityStamp], [ConcurrencyStamp], [PhoneNumber], [PhoneNumberConfirmed], [TwoFactorEnabled], [LockoutEnd], [LockoutEnabled], [AccessFailedCount]) VALUES (N'b9198fe8-1fb7-40ca-ac32-9ce54bcc13b7', 1, NULL, N'patient.second@gmail.com', N'PATIENT.SECOND@GMAIL.COM', N'patient.second@gmail.com', N'PATIENT.SECOND@GMAIL.COM', 0, N'AQAAAAEAACcQAAAAEJuMUq3bC7UWZKg9DMVvKlVPIQNlyTnrMOPjUx7rUq5Z73PkS2C16naHX6abtqP3Rg==', N'DKK7KGUOJDSOYPIUM5AT46VMNEG7IZGZ', N'12f72cb4-3b3d-494a-ae94-714996105933', NULL, 0, 0, NULL, 1, 0)
GO
INSERT [dbo].[Users] ([Id], [IsActive], [Avatar], [UserName], [NormalizedUserName], [Email], [NormalizedEmail], [EmailConfirmed], [PasswordHash], [SecurityStamp], [ConcurrencyStamp], [PhoneNumber], [PhoneNumberConfirmed], [TwoFactorEnabled], [LockoutEnd], [LockoutEnabled], [AccessFailedCount]) VALUES (N'bd482ca6-d5c4-4373-ab7d-cae3008c98ba', 1, N'male-indian.png', N'test.imnewpatient@yahoo.com', N'TEST.IMNEWPATIENT@YAHOO.COM', N'test.imnewpatient@yahoo.com', N'TEST.IMNEWPATIENT@YAHOO.COM', 0, N'AQAAAAEAACcQAAAAEKq01myNf79PiT028nZz2ccXev4R1bX4b6X5g08ytqqxHSOx+Mu8ivJNoeSrFsTGvA==', N'J6RRWDVOOMXC7LM3GALHSHCGGPIKPGIJ', N'26b1528b-7306-4cdb-a95f-934a21082063', NULL, 0, 0, NULL, 1, 0)
GO
INSERT [dbo].[Users] ([Id], [IsActive], [Avatar], [UserName], [NormalizedUserName], [Email], [NormalizedEmail], [EmailConfirmed], [PasswordHash], [SecurityStamp], [ConcurrencyStamp], [PhoneNumber], [PhoneNumberConfirmed], [TwoFactorEnabled], [LockoutEnd], [LockoutEnabled], [AccessFailedCount]) VALUES (N'd1085257-7b6d-4d5a-96b0-c129416cee3c', 0, NULL, N'imNewNurseAswell@gmail.com', N'IMNEWNURSEASWELL@GMAIL.COM', N'imNewNurseAswell@gmail.com', N'IMNEWNURSEASWELL@GMAIL.COM', 0, N'AQAAAAEAACcQAAAAEK/9XWHsiflPgTLzoZOHmSujQPhsy9qsiiVwtttpTGJr8czQomHOQWXpjjv7JNeCjw==', N'WP6A3KPJC3LHCD3ZBP2NASNKYKBCQPL7', N'100953c8-f9fe-4821-bc24-18dc8fe7b89d', NULL, 0, 0, NULL, 1, 0)
GO
INSERT [dbo].[Users] ([Id], [IsActive], [Avatar], [UserName], [NormalizedUserName], [Email], [NormalizedEmail], [EmailConfirmed], [PasswordHash], [SecurityStamp], [ConcurrencyStamp], [PhoneNumber], [PhoneNumberConfirmed], [TwoFactorEnabled], [LockoutEnd], [LockoutEnabled], [AccessFailedCount]) VALUES (N'dd6630d8-9ec9-40c1-aebb-a6d9ce623233', 1, N'female-nurse.png', N'nurse.new@gmail.com', N'NURSE.NEW@GMAIL.COM', N'nurse.new@gmail.com', N'NURSE.NEW@GMAIL.COM', 0, N'AQAAAAEAACcQAAAAEPM9KUnFxh0q4zEm2k6jHXEYop2fwCodxZB/qJbN8dCQfkelFoXPv22K9ge8zZy3FQ==', N'D3ZHVIYANUUGCEIQJTJSHPOLRNDQEVPP', N'b1e9ff61-9248-4d71-ba4e-554f76aa4985', NULL, 0, 0, NULL, 1, 0)
GO
INSERT [dbo].[Users] ([Id], [IsActive], [Avatar], [UserName], [NormalizedUserName], [Email], [NormalizedEmail], [EmailConfirmed], [PasswordHash], [SecurityStamp], [ConcurrencyStamp], [PhoneNumber], [PhoneNumberConfirmed], [TwoFactorEnabled], [LockoutEnd], [LockoutEnabled], [AccessFailedCount]) VALUES (N'dded97a7-98c5-499e-b633-d3ed32e7fb26', 0, NULL, N'newpatient.@gmail.com', N'NEWPATIENT.@GMAIL.COM', N'newpatient.@gmail.com', N'NEWPATIENT.@GMAIL.COM', 0, N'AQAAAAEAACcQAAAAEEAp/g4mkh+vGCuWNA+d2GcHS8LxBoeRSY5Q7PV+U8vTIPN9bLHDao3H8QYTDCideQ==', N'45QJPJGRWFGZ35OWEPUDJCVHKLSRU3T4', N'797ef439-fef0-4f85-9657-6487784b94b0', NULL, 0, 0, NULL, 1, 0)
GO
INSERT [dbo].[Users] ([Id], [IsActive], [Avatar], [UserName], [NormalizedUserName], [Email], [NormalizedEmail], [EmailConfirmed], [PasswordHash], [SecurityStamp], [ConcurrencyStamp], [PhoneNumber], [PhoneNumberConfirmed], [TwoFactorEnabled], [LockoutEnd], [LockoutEnabled], [AccessFailedCount]) VALUES (N'ededdf0e-1549-4b64-baab-98c14d50ee1d', 0, NULL, N'nurse.try@gmail.com', N'NURSE.TRY@GMAIL.COM', N'nurse.try@gmail.com', N'NURSE.TRY@GMAIL.COM', 0, N'AQAAAAEAACcQAAAAEGAUrOkiTxGNtJcszLovydev50HIOxUmlR0YsQcBovdnS8yzX04olK23HeDRf/OOIg==', N'NSBUAWIVKBRNRAG7NBDC4EAAJDN7VXLD', N'eb758812-b891-44d0-9caa-5a44b2aa5b95', NULL, 0, 0, NULL, 1, 0)
GO
SET IDENTITY_INSERT [dbo].[Nurse] ON 
GO
INSERT [dbo].[Nurse] ([NurseID], [IDnumber], [FirstName], [LastName], [MobileNumber], [EmailAddress], [AddressLine1], [AddressLine2], [SuburbID], [YearsQualified], [Rank], [UserID], [Gender]) VALUES (1, N'9108235085071', N'Maria', N'Boet', N'0790112017', N'nurse.new@gmail.com', N'66 Ruben Crescent', NULL, 102, CAST(N'2015-01-25T00:00:00.0000000' AS DateTime2), 2, N'dd6630d8-9ec9-40c1-aebb-a6d9ce623233', 0)
GO
INSERT [dbo].[Nurse] ([NurseID], [IDnumber], [FirstName], [LastName], [MobileNumber], [EmailAddress], [AddressLine1], [AddressLine2], [SuburbID], [YearsQualified], [Rank], [UserID], [Gender]) VALUES (2, N'7510085085071', N'Benji', N'Stoe', N'0790112020', N'newNurse@yahoo.com', N'18 Barbet street', NULL, 107, CAST(N'1975-10-08T00:00:00.0000000' AS DateTime2), 0, N'63a9666b-5199-44e9-80c7-4a6e5824e700', 1)
GO
SET IDENTITY_INSERT [dbo].[Nurse] OFF
GO
INSERT [dbo].[UserRoles] ([UserId], [RoleId]) VALUES (N'39d58d32-9b5c-4429-9aec-4313f7f17ef7', N'46566730-06e0-415e-a8b6-549b3348d7ef')
GO
INSERT [dbo].[UserRoles] ([UserId], [RoleId]) VALUES (N'4cce35f8-bf44-4789-a177-42369a2e8c90', N'5e7540ae-8dcd-40df-91e8-475c3e11586c')
GO
INSERT [dbo].[UserRoles] ([UserId], [RoleId]) VALUES (N'58401386-7d7a-41e2-9a83-8bfe9e573b57', N'46566730-06e0-415e-a8b6-549b3348d7ef')
GO
INSERT [dbo].[UserRoles] ([UserId], [RoleId]) VALUES (N'60c3bfbf-1f7f-4ab4-a306-3e5259df34bc', N'46566730-06e0-415e-a8b6-549b3348d7ef')
GO
INSERT [dbo].[UserRoles] ([UserId], [RoleId]) VALUES (N'63a9666b-5199-44e9-80c7-4a6e5824e700', N'5e7540ae-8dcd-40df-91e8-475c3e11586c')
GO
INSERT [dbo].[UserRoles] ([UserId], [RoleId]) VALUES (N'665adefb-93c2-48ac-9c35-89817b177b55', N'5e7540ae-8dcd-40df-91e8-475c3e11586c')
GO
INSERT [dbo].[UserRoles] ([UserId], [RoleId]) VALUES (N'7f5b335a-768e-4fce-8c66-d922706d7a41', N'5e7540ae-8dcd-40df-91e8-475c3e11586c')
GO
INSERT [dbo].[UserRoles] ([UserId], [RoleId]) VALUES (N'828f2e51-a9eb-444c-9bd3-51188504c4d6', N'46566730-06e0-415e-a8b6-549b3348d7ef')
GO
INSERT [dbo].[UserRoles] ([UserId], [RoleId]) VALUES (N'8defc1d6-262f-4538-8924-db7e904582cf', N'3d8e7899-0dfc-4487-9a92-5a9fc56175ba')
GO
INSERT [dbo].[UserRoles] ([UserId], [RoleId]) VALUES (N'92ac5586-f980-4750-8895-c32dfad5a679', N'46566730-06e0-415e-a8b6-549b3348d7ef')
GO
INSERT [dbo].[UserRoles] ([UserId], [RoleId]) VALUES (N'966164a2-2b11-47ad-a793-e413ad7f2738', N'46566730-06e0-415e-a8b6-549b3348d7ef')
GO
INSERT [dbo].[UserRoles] ([UserId], [RoleId]) VALUES (N'99e0e2bf-5d20-4b74-9634-c34be8ed1119', N'5e7540ae-8dcd-40df-91e8-475c3e11586c')
GO
INSERT [dbo].[UserRoles] ([UserId], [RoleId]) VALUES (N'ad62fbbc-035b-47e4-9c2f-1c50aac41ad8', N'5e7540ae-8dcd-40df-91e8-475c3e11586c')
GO
INSERT [dbo].[UserRoles] ([UserId], [RoleId]) VALUES (N'b00e1346-1a38-4323-a1af-3adc373546fe', N'5e7540ae-8dcd-40df-91e8-475c3e11586c')
GO
INSERT [dbo].[UserRoles] ([UserId], [RoleId]) VALUES (N'b9198fe8-1fb7-40ca-ac32-9ce54bcc13b7', N'46566730-06e0-415e-a8b6-549b3348d7ef')
GO
INSERT [dbo].[UserRoles] ([UserId], [RoleId]) VALUES (N'bd482ca6-d5c4-4373-ab7d-cae3008c98ba', N'46566730-06e0-415e-a8b6-549b3348d7ef')
GO
INSERT [dbo].[UserRoles] ([UserId], [RoleId]) VALUES (N'd1085257-7b6d-4d5a-96b0-c129416cee3c', N'5e7540ae-8dcd-40df-91e8-475c3e11586c')
GO
INSERT [dbo].[UserRoles] ([UserId], [RoleId]) VALUES (N'dd6630d8-9ec9-40c1-aebb-a6d9ce623233', N'5e7540ae-8dcd-40df-91e8-475c3e11586c')
GO
INSERT [dbo].[UserRoles] ([UserId], [RoleId]) VALUES (N'dded97a7-98c5-499e-b633-d3ed32e7fb26', N'46566730-06e0-415e-a8b6-549b3348d7ef')
GO
INSERT [dbo].[UserRoles] ([UserId], [RoleId]) VALUES (N'ededdf0e-1549-4b64-baab-98c14d50ee1d', N'5e7540ae-8dcd-40df-91e8-475c3e11586c')
GO
SET IDENTITY_INSERT [dbo].[Patient] ON 
GO
INSERT [dbo].[Patient] ([PatientID], [FirstName], [LastName], [IDnumber], [MobileNumber], [AddressLine1], [AddressLine2], [SuburbID], [MedicalAidStatus], [MedicalAidPlanID], [MedicalAidNo], [DependencyCode], [DateOfBirth], [Gender], [UserID], [EmailAddress]) VALUES (1, N'Ben', N'Flick', N'7510085085071', N'0844124763', N'5 Barbet street', NULL, 101, 1, 103, N'10170023', N'00', CAST(N'1975-10-08T00:00:00.0000000' AS DateTime2), 1, N'b9198fe8-1fb7-40ca-ac32-9ce54bcc13b7', N'patient.second@gmail.com')
GO
INSERT [dbo].[Patient] ([PatientID], [FirstName], [LastName], [IDnumber], [MobileNumber], [AddressLine1], [AddressLine2], [SuburbID], [MedicalAidStatus], [MedicalAidPlanID], [MedicalAidNo], [DependencyCode], [DateOfBirth], [Gender], [UserID], [EmailAddress]) VALUES (2, N'Carl', N'Venter', N'7510085085071', N'0844124763', N'66 Ruben Crescent', NULL, 108, 0, NULL, NULL, NULL, CAST(N'1975-10-08T00:00:00.0000000' AS DateTime2), 1, N'966164a2-2b11-47ad-a793-e413ad7f2738', N'test.check@yahoo.com')
GO
INSERT [dbo].[Patient] ([PatientID], [FirstName], [LastName], [IDnumber], [MobileNumber], [AddressLine1], [AddressLine2], [SuburbID], [MedicalAidStatus], [MedicalAidPlanID], [MedicalAidNo], [DependencyCode], [DateOfBirth], [Gender], [UserID], [EmailAddress]) VALUES (3, N'Tsepho', N'Maniza', N'7108045085071', N'0834145673', N'75 Ruben Crescent', NULL, 102, 1, 108, N'10170024', N'00', CAST(N'1971-08-04T00:00:00.0000000' AS DateTime2), 1, N'bd482ca6-d5c4-4373-ab7d-cae3008c98ba', N'test.imnewpatient@yahoo.com')
GO
SET IDENTITY_INSERT [dbo].[Patient] OFF
GO
INSERT [dbo].[Roles] ([Id], [Name], [NormalizedName], [ConcurrencyStamp]) VALUES (N'3d8e7899-0dfc-4487-9a92-5a9fc56175ba', N'Administrator', N'ADMINISTRATOR', N'92fbc6fb-db05-4b96-a823-71852a772cbd')
GO
INSERT [dbo].[Roles] ([Id], [Name], [NormalizedName], [ConcurrencyStamp]) VALUES (N'46566730-06e0-415e-a8b6-549b3348d7ef', N'Patient', N'PATIENT', N'9fedd00e-7085-4cb3-b40f-1888d6063c0c')
GO
INSERT [dbo].[Roles] ([Id], [Name], [NormalizedName], [ConcurrencyStamp]) VALUES (N'5e7540ae-8dcd-40df-91e8-475c3e11586c', N'Nurse', N'NURSE', N'54a63478-8b3e-4d64-9f1b-8877d60ffb33')
GO
